column_name,column_desc,column_type,select_type,unit,status,remark,bind_event_names,metaSubInfos
run_id,对局ID,varchar,string,,display,对局ID,run_start|run_resume|unlock_gain|ascension_select|node_enter|node_exit|run_end|map_move_fail|battle_start|battle_end|battle_turn|magic_offer|magic_acquire|magic_sell|magic_remove|magic_trigger|event_enter|event_options_shown|event_option_resolved|event_no_match|event_end|shop_enter|shop_purchase|shop_refresh|shop_leave|reward_enter|reward_choice|reward_skip|rest_choose|rewardgrid_end|upgrade_choose|floor_enter,
start_config_id,起始配置ID,varchar,string,,display,起始配置ID,run_start,
ascension,进阶等级,integer,number,,display,进阶等级,run_start|run_end|ascension_select,
seed,对局随机种子,integer,number,,display,对局随机种子,run_start,
chapter_id,章节ID,integer,number,,display,章节ID,run_start|run_resume|run_end|magic_acquire|event_enter|ascension_select|node_enter|node_exit|map_move_fail|battle_start|battle_end|battle_turn|magic_offer|magic_sell|magic_remove|magic_trigger|event_options_shown|event_option_resolved|event_no_match|event_end|shop_enter|shop_purchase|shop_refresh|shop_leave|reward_enter|reward_choice|reward_skip|rest_choose|rewardgrid_end|upgrade_choose|floor_enter|unlock_gain,
total_steps,章节总步数,integer,number,,display,章节总步数,run_start|node_enter|run_end|magic_acquire|ascension_select|run_resume|node_exit|map_move_fail|battle_start|battle_end|battle_turn|magic_offer|magic_sell|magic_remove|magic_trigger|event_enter|event_options_shown|event_option_resolved|event_no_match|event_end|shop_enter|shop_purchase|shop_refresh|shop_leave|reward_enter|reward_choice|reward_skip|rest_choose|rewardgrid_end|upgrade_choose|floor_enter|unlock_gain,
is_tutorial,是否教程局,boolean,bool,,display,是否教程局,run_start,
is_debug_run,是否调试局,boolean,bool,,display,是否调试局,run_start,
is_dev,是否内部版本,boolean,bool,,display,是否内部版本,run_start|run_resume|node_enter|node_exit|run_end|map_move_fail|battle_start|battle_end|battle_turn|magic_offer|magic_acquire|magic_sell|magic_remove|magic_trigger|event_enter|event_options_shown|event_option_resolved|event_no_match|event_end|shop_enter|shop_purchase|shop_refresh|shop_leave|reward_enter|reward_choice|reward_skip|rest_choose|rewardgrid_end|upgrade_choose|floor_enter|ascension_select|unlock_gain,
step,步数,integer,number,,display,步数,run_resume|node_enter|node_exit|run_end|map_move_fail|battle_end|magic_offer|magic_acquire|magic_sell|magic_remove|magic_trigger|event_enter|event_options_shown|event_option_resolved|event_no_match|event_end|shop_enter|shop_purchase|shop_refresh|shop_leave|reward_enter|reward_choice|reward_skip|rest_choose|rewardgrid_end|upgrade_choose|floor_enter|unlock_gain|ascension_select|run_start|battle_start|battle_turn,
chapter_step,章节步数,integer,number,,display,章节步数,node_enter|magic_acquire|ascension_select|run_start|run_resume|node_exit|run_end|map_move_fail|battle_start|battle_end|battle_turn|magic_offer|magic_sell|magic_remove|magic_trigger|event_enter|event_options_shown|event_option_resolved|event_no_match|event_end|shop_enter|shop_purchase|shop_refresh|shop_leave|reward_enter|reward_choice|reward_skip|rest_choose|rewardgrid_end|upgrade_choose|floor_enter|unlock_gain,
node_type,节点类型,varchar,string,,display,节点类型,node_enter|node_exit|magic_offer|magic_acquire|event_enter|event_options_shown|event_option_resolved|run_start|run_resume|run_end|map_move_fail|battle_start|battle_end|battle_turn|magic_sell|magic_remove|magic_trigger|event_no_match|event_end|shop_enter|shop_purchase|shop_refresh|shop_leave|reward_enter|reward_choice|reward_skip|rest_choose|rewardgrid_end|upgrade_choose|floor_enter|ascension_select|unlock_gain,
level_id,关卡ID,integer,number,,display,关卡ID,node_enter|node_exit|battle_start|battle_end|magic_offer|magic_acquire|magic_trigger|event_enter|event_options_shown|event_option_resolved|reward_enter|run_start|run_resume|run_end|map_move_fail|battle_turn|magic_sell|magic_remove|event_no_match|event_end|shop_enter|shop_purchase|shop_refresh|shop_leave|reward_choice|reward_skip|rest_choose|rewardgrid_end|upgrade_choose|floor_enter|ascension_select|unlock_gain,
is_boss,是否Boss,boolean,bool,,display,是否Boss,node_enter|battle_start|battle_end|reward_enter,
is_hidden,是否隐藏格,boolean,bool,,display,是否隐藏格,node_enter,
map_x,地图X,integer,number,,display,地图X,node_enter|map_move_fail,
map_y,地图Y,integer,number,,display,地图Y,node_enter|map_move_fail,
hp,当前生命,integer,number,,display,当前生命,run_start|run_resume|node_enter|run_end|battle_start|reward_enter|floor_enter|rest_choose,
max_hp,生命上限,integer,number,,display,生命上限,run_start|node_enter|run_end|battle_start|battle_end,
gold,金币,integer,number,,display,金币,run_start|run_resume|node_enter|run_end|battle_start|magic_offer|shop_enter|floor_enter,
magic_count,道具数量,integer,number,,display,道具数量,run_start|node_enter|run_end|battle_start|floor_enter,
magic_ids,道具列表,varchar,string,,display,道具列表,run_start|node_enter|floor_enter,
deck_count,箭头数量,integer,number,,display,箭头数量,run_start|node_enter|run_end|battle_start|floor_enter,
deck_ids,箭头列表,varchar,string,,display,箭头列表,run_start|run_end|floor_enter,
run_seconds,对局时长（秒）,integer,number,,display,对局时长（秒）,run_resume|node_enter|run_end|magic_acquire|event_no_match|floor_enter|ascension_select|run_start|node_exit|map_move_fail|battle_start|battle_end|battle_turn|magic_offer|magic_sell|magic_remove|magic_trigger|event_enter|event_options_shown|event_option_resolved|event_end|shop_enter|shop_purchase|shop_refresh|shop_leave|reward_enter|reward_choice|reward_skip|rest_choose|rewardgrid_end|upgrade_choose|unlock_gain,
result,结果,varchar,string,,display,结果,node_exit|run_end|battle_end|event_end,
node_seconds,节点耗时（秒）,integer,number,,display,节点耗时（秒）,node_exit|event_end,
hp_delta,生命变化,integer,number,,display,生命变化,node_exit|event_option_resolved|event_end|rest_choose,
gold_delta,金币变化,integer,number,,display,金币变化,node_exit|event_option_resolved|event_end,
magic_gained_count,本节点获得道具数,integer,number,,display,本节点获得道具数,node_exit,
end_node_type,结束时节点类型,varchar,string,,display,结束时节点类型,run_end,
end_level_id,结束时关卡ID,integer,number,,display,结束时关卡ID,run_end,
floor,楼层,integer,number,,display,楼层,run_end|magic_acquire|upgrade_choose|floor_enter|ascension_select|run_start|run_resume|node_enter|node_exit|map_move_fail|battle_start|battle_end|battle_turn|magic_offer|magic_sell|magic_remove|magic_trigger|event_enter|event_options_shown|event_option_resolved|event_no_match|event_end|shop_enter|shop_purchase|shop_refresh|shop_leave|reward_enter|reward_choice|reward_skip|rest_choose|rewardgrid_end|unlock_gain,
magic_book_ids,道具栏道具列表,varchar,string,,display,道具栏道具列表,run_end|magic_acquire,
magic_acquire_count,本局获得道具总数,integer,number,,display,本局获得道具总数,run_end,
magic_acquire_list,本局道具获取流水,varchar,string,,display,本局道具获取流水,run_end,
battle_win_count,本局战斗胜场,integer,number,,display,本局战斗胜场,run_end,
battle_lose_count,本局战斗败场,integer,number,,display,本局战斗败场,run_end,
defeat_enemy_ids,失败时敌人ID列表,varchar,string,,display,失败时敌人ID列表,run_end,
direction,移动方向,varchar,string,,display,移动方向,map_move_fail,
reason,原因,varchar,string,,display,原因,map_move_fail|magic_remove|event_no_match,
level_type,关卡类型,varchar,string,,display,关卡类型,battle_start,
is_elite,是否精英,boolean,bool,,display,是否精英,battle_start|battle_end|reward_enter|node_enter,
enemy_ids,敌人ID列表,varchar,string,,display,敌人ID列表,battle_start|battle_end,
enemy_names,敌人名称列表,varchar,string,,display,敌人名称列表,battle_start|battle_end,
enemy_count,敌人数量,integer,number,,display,敌人数量,battle_start,
enemy_hp_list,敌人血量列表,varchar,string,,display,敌人血量列表,battle_start|battle_turn,
enemy_hp_remaining_list,敌人剩余血量列表,varchar,string,,display,敌人剩余血量列表,battle_end,
enemy_group_index,敌人组下标,integer,number,,display,敌人组下标,battle_start,
battle_turns,战斗回合数,integer,number,,display,战斗回合数,battle_end,
battle_seconds,战斗耗时（秒）,integer,number,,display,战斗耗时（秒）,battle_end,
defeat_source_enemy_id,致命敌人ID,integer,number,,display,致命敌人ID,battle_end,
defeat_source_enemy_name,致命敌人名称,varchar,string,,display,致命敌人名称,battle_end,
hp_left,战斗结束时生命,integer,number,,display,战斗结束时生命,battle_end,
damage_dealt,造成伤害,integer,number,,display,造成伤害,battle_end|battle_turn,
damage_taken,承受伤害,integer,number,,display,承受伤害,battle_end|battle_turn,
magic_trigger_counts,道具触发次数,varchar,string,,display,道具触发次数,battle_end|magic_trigger,
turn_index,回合序号,integer,number,,display,回合序号,battle_turn,
played_cards,本回合出牌数,integer,number,,display,本回合出牌数,battle_turn,
max_combo_layer,最高连击层,integer,number,,display,最高连击层,battle_turn,
magic_id,道具ID,varchar,string,,display,道具ID,magic_acquire|magic_sell|magic_remove|shop_purchase|reward_choice|rest_choose,
magic_numeric_id,道具数字ID,integer,number,,display,道具数字ID,magic_acquire,
magic_name,道具名称,varchar,string,,display,道具名称,magic_acquire,
rarity,道具稀有度,integer,number,,display,道具稀有度,magic_acquire|magic_sell|magic_remove|shop_purchase,
source,获取情景,varchar,string,,display,获取情景,magic_acquire|magic_sell,
price,价格,integer,number,,display,价格,magic_acquire|magic_sell|shop_purchase|shop_refresh,
gold_before,变化前金币,integer,number,,display,变化前金币,magic_acquire|magic_sell|shop_purchase|shop_refresh,
gold_after,变化后金币,integer,number,,display,变化后金币,magic_acquire|magic_sell|shop_purchase|shop_refresh,
slot_index,道具栏槽位,integer,number,,display,道具栏槽位,magic_acquire|magic_remove|shop_purchase,
replaced_magic_id,被替换道具ID,varchar,string,,display,被替换道具ID,magic_acquire|shop_purchase,
magic_book_count,道具栏数量,integer,number,,display,道具栏数量,magic_acquire,
offer_magic_ids,候选道具列表,varchar,string,,display,候选道具列表,magic_offer|magic_acquire|reward_enter|reward_skip,
offer_index,选中第几项,integer,number,,display,选中第几项,magic_acquire,
offer_source,候选来源,varchar,string,,display,候选来源,magic_offer,
offer_count,候选数量,integer,number,,display,候选数量,magic_offer,
event_id,事件ID,varchar,string,,display,事件ID,event_enter|event_options_shown|event_option_resolved|event_no_match|event_end,
event_numeric_id,事件数字ID,integer,number,,display,事件数字ID,event_enter|event_options_shown,
title_key,标题本地化Key,varchar,string,,display,标题本地化Key,event_enter|event_options_shown,
option_count,选项数量,integer,number,,display,选项数量,event_options_shown,
option_ids,选项ID列表,varchar,string,,display,选项ID列表,event_options_shown|event_no_match,
option_recipes,选项配方列表,varchar,string,,display,选项配方列表,event_options_shown,
option_exit_flags,选项离开标记列表,varchar,string,,display,选项离开标记列表,event_options_shown,
option_tags,选项标签列表,varchar,string,,display,选项标签列表,event_options_shown,
hand_materials,当时手牌,varchar,string,,display,当时手牌,event_options_shown,
option_id,选中选项ID,varchar,string,,display,选中选项ID,event_option_resolved|event_end,
option_index,选中选项序号,integer,number,,display,选中选项序号,event_option_resolved,
is_exit,是否离开项,boolean,bool,,display,是否离开项,event_option_resolved,
resolve_count,该选项已结算次数,integer,number,,display,该选项已结算次数,event_option_resolved,
played_sequence,实际打出序列,varchar,string,,display,实际打出序列,event_option_resolved|event_no_match,
refresh_count,换牌次数,integer,number,,display,换牌次数,event_option_resolved|event_no_match,
turns_used,出手次数,integer,number,,display,出手次数,event_option_resolved,
effect_types,效果类型列表,varchar,string,,display,效果类型列表,event_option_resolved,
effect_summary,效果摘要,varchar,string,,display,效果摘要,event_option_resolved,
magic_delta,道具变化数,integer,number,,display,道具变化数,event_option_resolved,
arrow_delta,箭头变化数,integer,number,,display,箭头变化数,event_option_resolved,
magic_gained,获得道具数,integer,number,,display,获得道具数,event_end,
is_battle_shop,是否战斗后自动商店,boolean,bool,,display,是否战斗后自动商店,shop_enter,
offer_kinds,商品类别列表,varchar,string,,display,商品类别列表,shop_enter,
offer_ids,商品标识列表,varchar,string,,display,商品标识列表,shop_enter,
kind,购买类别,varchar,string,,display,购买类别,shop_purchase,
material,元素,varchar,string,,display,元素,shop_purchase|reward_choice,
modifier_id,附魔ID,varchar,string,,display,附魔ID,shop_purchase|reward_choice|rest_choose,
refresh_index,第几次刷新,integer,number,,display,第几次刷新,shop_purchase|shop_refresh,
is_undo,是否撤回购买,boolean,bool,,display,是否撤回购买,shop_purchase,
total_spent,商店共花费,integer,number,,display,商店共花费,shop_leave,
purchase_count,商店购买次数,integer,number,,display,商店购买次数,shop_leave,
gold_left,商店剩余金币,integer,number,,display,商店剩余金币,shop_leave,
shop_seconds,商店停留（秒）,integer,number,,display,商店停留（秒）,shop_leave,
base_gold,结算基础金币,integer,number,,display,结算基础金币,reward_enter,
gold_choice_amount,金币选项金额,integer,number,,display,金币选项金额,reward_enter|reward_skip,
arrow_offer_material,箭头候选元素,varchar,string,,display,箭头候选元素,reward_enter,
arrow_offer_modifier,箭头候选附魔,varchar,string,,display,箭头候选附魔,reward_enter,
choice,选择,varchar,string,,display,选择,reward_choice|rest_choose,
choice_index,选择序号,integer,number,,display,选择序号,reward_choice,
reward_amount,奖励数量,integer,number,,display,奖励数量,reward_choice,
heal_amount,恢复量,integer,number,,display,恢复量,rest_choose,
bonus_level_id,奖励关ID,integer,number,,display,奖励关ID,rewardgrid_end,
picked_count,拾取数量,integer,number,,display,拾取数量,rewardgrid_end,
reward_types,奖励类型列表,varchar,string,,display,奖励类型列表,rewardgrid_end,
reward_amounts,奖励数量列表,varchar,string,,display,奖励数量列表,rewardgrid_end,
upgrade_kind,强化类型,varchar,string,,display,强化类型,upgrade_choose,
target_id,强化目标ID,varchar,string,,display,强化目标ID,upgrade_choose|unlock_gain,
consumed_sequence,投入序列,varchar,string,,display,投入序列,upgrade_choose,
highest_unlocked,最高已解锁进阶,integer,number,,display,最高已解锁进阶,ascension_select,
target_type,解锁类型,varchar,string,,display,解锁类型,unlock_gain,
trigger_condition,解锁条件,varchar,string,,display,解锁条件,unlock_gain,
truncated,字段被截断,boolean,bool,,display,字段被截断,run_start|run_resume|node_enter|node_exit|run_end|map_move_fail|battle_start|battle_end|battle_turn|magic_offer|magic_acquire|magic_sell|magic_remove|magic_trigger|event_enter|event_options_shown|event_option_resolved|event_no_match|event_end|shop_enter|shop_purchase|shop_refresh|shop_leave|reward_enter|reward_choice|reward_skip|rest_choose|rewardgrid_end|upgrade_choose|floor_enter|ascension_select|unlock_gain,
replayed,是否补发,boolean,bool,,display,上次启动未上报、本次启动补发的事件（其时间戳为补发时刻）,run_start|run_resume|node_enter|node_exit|run_end|map_move_fail|battle_start|battle_end|battle_turn|magic_offer|magic_acquire|magic_sell|magic_remove|magic_trigger|event_enter|event_options_shown|event_option_resolved|event_no_match|event_end|shop_enter|shop_purchase|shop_refresh|shop_leave|reward_enter|reward_choice|reward_skip|rest_choose|rewardgrid_end|upgrade_choose|floor_enter|ascension_select|unlock_gain,
