event_name,event_desc,status,remark,bind_prop_names
run_start,对局-开局,display,新局开始时触发（P0）,run_id|start_config_id|ascension|seed|chapter_id|total_steps|is_tutorial|is_debug_run|hp|max_hp|gold|magic_count|magic_ids|deck_count|deck_ids
run_resume,对局-续玩存档,display,从存档继续本局时触发（P0）,run_id|step|chapter_id|run_seconds|hp|gold
node_enter,对局-进入节点,display,正式进入地图节点时触发（P0）,step|chapter_step|total_steps|node_type|level_id|is_boss|is_hidden|map_x|map_y|hp|max_hp|gold|magic_count|magic_ids|deck_count|run_seconds
node_exit,对局-节点结束,display,离开节点（战斗/事件/商店/休息/奖励结算完成）时触发（P0）,step|node_type|level_id|result|node_seconds|hp_delta|gold_delta|magic_gained_count
run_end,对局-结算,display,一局结束（通关/失败/放弃）时触发（P0）,result|run_seconds|step|total_steps|chapter_id|end_node_type|end_level_id|ascension|floor|hp|max_hp|gold|magic_count|magic_book_ids|deck_count|deck_ids|magic_acquire_count|magic_acquire_list|battle_win_count|battle_lose_count|defeat_enemy_ids
map_move_fail,地图-移动被拒,display,地图移动撞边界或不可进入格时触发（P2）,direction|map_x|map_y|reason|step
battle_start,战斗-开始,display,战斗敌人实例生成完成时触发（P0）,level_id|level_type|is_boss|is_elite|enemy_ids|enemy_names|enemy_count|enemy_hp_list|enemy_group_index|hp|max_hp|gold|magic_count|deck_count
battle_end,战斗-结束,display,战斗结算时触发，含失败现场（P0）,result|battle_turns|battle_seconds|enemy_ids|enemy_names|enemy_hp_remaining_list|defeat_source_enemy_id|defeat_source_enemy_name|is_boss|is_elite|level_id|hp_left|max_hp|damage_dealt|damage_taken|magic_trigger_counts|step
battle_turn,战斗-回合结束,display,每回合结束时触发（P2，默认关闭）,turn_index|played_cards|max_combo_layer|damage_dealt|damage_taken|enemy_hp_list
magic_offer,道具-候选展示,display,奖励/事件/商店/休息给出道具候选时触发（P0）,offer_source|offer_magic_ids|offer_rarities|offer_prices|offer_count|step|gold|node_type|level_id
magic_acquire,道具-获得,display,实际获得道具时触发（P0）,magic_id|magic_numeric_id|magic_name|rarity|source|step|chapter_step|total_steps|chapter_id|floor|node_type|level_id|gold_before|gold_after|price|slot_index|replaced_magic_id|magic_book_count|magic_book_ids|offer_magic_ids|offer_index|run_seconds
magic_sell,道具-卖出,display,在商店卖出道具时触发（P1）,magic_id|rarity|price|gold_before|gold_after|step|source
magic_remove,道具-移除,display,道具被删除或被替换时触发（P1）,magic_id|rarity|reason|slot_index|step
magic_trigger,道具-触发汇总,display,战斗结束时汇总本场道具触发次数（P2）,magic_trigger_counts|step|level_id
event_enter,事件-进入,display,进入事件/删牌/加牌节点时触发（P1）,event_id|event_numeric_id|title_key|node_type|step|chapter_id|level_id
event_options_shown,事件-选项展示,display,事件选项列表亮相时触发（P0）,event_id|event_numeric_id|title_key|option_count|option_ids|option_recipes|option_exit_flags|option_tags|hand_materials|hand_summary|step|node_type|level_id
event_option_resolved,事件-选项结算,display,事件选项被触发并结算时触发（P0）,event_id|option_id|option_index|is_exit|resolve_count|played_sequence|refresh_count|turns_used|effect_types|effect_summary|hp_delta|gold_delta|magic_delta|arrow_delta|step|node_type|level_id
event_no_match,事件-无法触发或离开,display,打不出配方或主动离开事件时触发（P0）,reason|event_id|option_ids|played_sequence|refresh_count|step|run_seconds
event_end,事件-节点结束,display,事件节点结束时触发（P1）,event_id|result|option_id|node_seconds|hp_delta|gold_delta|magic_gained|step
shop_enter,商店-进入,display,进入商店（节点商店或战斗后自动商店）时触发（P1）,is_battle_shop|gold|offer_kinds|offer_ids|offer_prices|step
shop_purchase,商店-购买,display,每次购买/删除道具时触发（P0）,kind|price|gold_before|gold_after|magic_id|rarity|material|modifier_id|slot_index|replaced_magic_id|refresh_index|is_undo|step
shop_refresh,商店-刷新,display,刷新商店商品时触发（P1）,refresh_index|price|gold_before|gold_after|step
shop_leave,商店-离开,display,离开商店时触发（P1）,total_spent|purchase_count|gold_left|shop_seconds|step
reward_enter,结算-奖励面板,display,战斗结算三选一面板打开时触发（P1）,level_id|is_elite|is_boss|base_gold|gold_choice_amount|offer_magic_ids|arrow_offer_material|arrow_offer_modifier|hp|step
reward_choice,结算-选择奖励,display,选定金币/道具/箭头时触发（P0）,choice|choice_index|amount|magic_id|material|modifier_id|step
reward_skip,结算-跳过奖励,display,不选奖励直接进入商店时触发（P0）,step|offer_magic_ids|gold_choice_amount
rest_choose,休息-选择,display,休息节点选择选项时触发（P1）,choice|heal_amount|hp_before|hp_after|magic_id|modifier_id|step
rewardgrid_end,奖励关-走格结果,display,奖励关结束时触发（P1）,bonus_level_id|picked_count|reward_types|reward_amounts|step
upgrade_choose,强化-选择,display,道具强化/箭头附魔/二层箭头强化时触发（P1）,upgrade_kind|target_id|consumed_sequence|step|floor
floor_enter,二层-进入,display,进入第二层时触发（P1）,floor|run_seconds|step|hp|gold|magic_count|magic_ids|deck_count|deck_ids
tutorial_start,教程-开始,display,进入教程时触发（P1）,chapter_id|step|tutorial_total_steps
tutorial_step,教程-步骤,display,教程每页切换时触发（P2）,tutorial_step_index|tutorial_total_steps|step
tutorial_end,教程-结束,display,教程完成或中断时触发（P1）,completed|tutorial_seconds|tutorial_step_index|tutorial_total_steps|step
ascension_select,开局-进阶选择,display,选择进阶等级时触发（P2）,ascension|highest_unlocked
unlock_gain,解锁-达成,display,解锁项达成时触发（P2）,target_type|target_id|trigger_condition|run_id|step
